Date,Close,High,Low,Open,Volume
2023-09-14,0.11342809970421852,0.11949096925481262,0.06796226709023961,0.06360118581844026,1.0
2023-09-15,0.09293600075682884,0.13904666138019306,0.10713077521623454,0.15334476995751756,0.5651102088167054
2023-09-18,0.07309330037740425,0.06528867116094628,0.06405293009704527,0.07685145335544741,0.2518446099343862
2023-09-19,0.05267334459309836,0.05118986932255243,0.0554824726683385,0.06467554143457538,0.12505067609709852
2023-09-20,0.0363662647559399,0.04126825560550551,0.03774010811411049,0.056940246571198505,0.10993282688421525
2023-09-21,0.030954619197915034,0.022575306536801454,0.025185118140757523,0.03266006100892932,0.09934074295836141
2023-09-22,0.024893575071925023,0.023294281939121197,0.028981690485474165,0.040681854346208635,0.04803548262355613
2023-09-25,0.04740601288629376,0.034797614115164244,0.026463184407138407,0.027932945477531723,0.0828561983883442
2023-09-26,0.040767740880475245,0.03501329302280659,0.046611290391224525,0.048059012456208305,0.031299116832572416
2023-09-27,0.0369435201608212,0.034150549966130095,0.039762444003404285,0.051425301219566566,0.03584593219070429
2023-09-28,0.0549823386875708,0.04917679304827166,0.0478141611061535,0.044979222166752486,0.05065192849836589
2023-09-29,0.040767740880475245,0.05126178057583797,0.04946811909369342,0.06438904296067294,0.04320020332809421
2023-10-02,0.031676160928963915,0.03256883150713391,0.04067210368933122,0.04480015379006386,0.05136373275453435
2023-10-03,0.026697456924600016,0.01851319836159726,0.03232717555757991,0.033949276819492114,0.018857745178754083
2023-10-04,0.040334799326814275,0.029836807256640785,0.03616134567802243,0.03402091509896682,0.03069879999002071
2023-10-05,0.03348004278163891,0.030483871405674934,0.04202533682846388,0.04784415226178057,0.0055782688421525325
2023-10-06,0.04480844613948615,0.03271262658759794,0.0379656374110659,0.03939263853564584,0.013567940273931593
2023-10-09,0.04603507258727979,0.04414407493646261,0.051648302547895986,0.05085230427176163,0.03842651498141357
2023-10-10,0.05656973600088894,0.044575460177854465,0.057888214098196555,0.057441632561526956,0.022369208891550037
2023-10-11,0.04913775157588496,0.04795457600348901,0.059241447237329214,0.0641025444867705,0.017041202005837884
2023-10-12,0.028717795791579015,0.036595011481802664,0.036913129120340504,0.05393209456121745,0.03940417383928349
2023-10-13,0.0209971836641345,0.02084982042344863,0.026312821982934775,0.03781692425118055,0.032633067634658085
2023-10-16,0.030449534481170215,0.019339985791630765,0.03413149596932341,0.02735997585172506,0.00816976648454457
2023-10-17,0.03189264546832077,0.022287716375873567,0.031199500394102686,0.027073477377822563,0.0021892073946560876
2023-10-18,0.029078594182156248,0.021856358560588984,0.03589821860534104,0.036241209966715315,0.0
2023-10-19,0.013493056076046672,0.021856358560588984,0.02277937671089958,0.034235775293394555,0.01781069904947235
2023-10-20,0.0,0.0005751803218557727,0.0,0.01804899402588117,0.04537615697427838
2023-10-23,0.01688433524203975,0.015960897392103546,0.0,0.0,0.06011276601052816
2023-10-24,0.032469873348149325,0.0232367419660498,0.03420666284207524,0.034235775293394555,0.038535663498241154
2023-10-25,0.011328375832794502,0.022503422709623133,0.021125447402059683,0.03924938929869459,0.017540946286455604
2023-10-26,0.016595707539599103,0.010424910211724314,0.022553847413944117,0.020340927173104317,0.010029189431928747
2023-10-27,0.008802952249070684,0.012006628670720443,0.01736647283306897,0.028935662814192076,0.0026694608686974527
2023-10-30,0.00021648453935679823,0.0017255135394600996,0.005863991150441505,0.01640164146194112,0.010983459321907044
2023-10-31,0.010246063236221181,0.0,0.0046611204355124225,0.004870364768348789,0.007638836913404685
2023-11-01,0.019121158648375658,0.006183051329413325,0.013532302712626454,0.017117887646697305,0.006217567297856948
2023-11-02,0.035716866187974816,0.028039409890002365,0.03608615012657057,0.029938407472850703,0.019364506149739294
2023-11-03,0.04055128386617113,0.030196281244747047,0.043228207543392905,0.0401088573984037,0.002152564678292543
2023-11-06,0.03773720505495387,0.03451002395423636,0.045258057252091866,0.04841712188758723,0.00046310156425417165
2023-11-07,0.053394913849199976,0.046300946291207234,0.05082132355412605,0.04462111273537356,0.017661009654965948
2023-11-08,0.04711741270890585,0.04241858882310978,0.05179866497209962,0.05765649275595469,0.0300883479280493
2023-11-09,0.02676962761273649,0.017183114436886193,0.024959588843802172,0.027073477377822563,0.1020195594142155
2023-11-10,0.031748331617100445,0.020418435182056827,0.03390593799366798,0.034235775293394555,0.02750386697602475
2023-11-13,0.027563312506869164,0.020418435182056827,0.03059805069728816,0.0356682403409086,0.017589283486764966
2023-11-14,0.04011834231251016,0.027608024648610507,0.04345373684034837,0.041398073208966546,0.009920040915101166
2023-11-15,0.05454939713390983,0.04579767722263711,0.05698606823167479,0.051425301219566566,0.027699554674051344
2023-11-16,0.04589075873605947,0.04328133187978617,0.052400114668914144,0.0593754289553729,0.007971739889728813
2023-11-17,0.051374574982220866,0.043712717121178024,0.058339272692107425,0.05651052618234309,0.009145086445625328
2023-11-20,0.07799986121868435,0.06887628025411602,0.0659324173815406,0.0582294623817613,0.04305207319811392
2023-11-21,0.07785554736746403,0.06643181873844345,0.074653237234451,0.07720956278682634,0.026090393683107553
2023-11-22,0.1002236713306125,0.1097131231921224,0.09397436422476713,0.08437186070239827,0.09995743207843726
2023-11-24,0.11552060925933416,0.10453660999984943,0.11209262050015423,0.1022776054913282,0.029127061347703515
2023-11-27,0.09473988260950383,0.10086993143939416,0.1089350956279781,0.11337916179606511,0.0344051717685802
2023-11-28,0.1013781546153224,0.09360845814566215,0.1074315000646418,0.09755048995993065,0.014329640994935507
2023-11-29,0.10347066417043799,0.0988568551651135,0.11419763708160496,0.10958315264385138,0.010708249133048926
2023-11-30,0.09834764631485371,0.09950391931414765,0.10833364593116357,0.11001290035470512,0.01999288975376095
2023-12-01,0.11566492311055443,0.10619023971213115,0.10833364593116357,0.10234921644880468,0.024771255894019913
2023-12-04,0.10145032530345888,0.10237976607121202,0.10750666693739358,0.1194671314175002,0.021387651872364848
2023-12-05,0.11342809970421852,0.10560787375016828,0.10427394651376559,0.10392493073326997,0.034288226929122076
2023-12-06,0.09517282416316475,0.10805954833205522,0.10818328350695994,0.122690143621909,0.02467925928697952
2023-12-07,0.1051302321718926,0.09569344567322852,0.11051385806406616,0.10242085472827944,0.0067843599530973235
2023-12-08,0.13969264260021025,0.1278309193650779,0.11829493427472887,0.10901015569604644,0.1290057505675723
2023-12-11,0.12280827983311782,0.12653679106700966,0.13374432204757658,0.14353245678534177,0.04176178180275928
2023-12-12,0.12150948269718764,0.11927529034717033,0.12615117735814346,0.1273456481958301,0.026841179552428714
2023-12-13,0.12800346837683857,0.12107268771380875,0.12216667349219729,0.13028221657033295,0.03707229374048849
2023-12-14,0.16498304635667532,0.15910562257414362,0.14938167002035385,0.13823231698414096,0.07458040191602426
2023-12-15,0.16711161373080646,0.15982457055035615,0.17133406773748344,0.1667382867314759,0.03734048723897912
2023-12-18,0.15152610314974957,0.14689771370210236,0.16178624021210303,0.16287063929978746,0.01930291520095801
2023-12-19,0.15556678088370773,0.15019054699423717,0.16772542691399633,0.15764219242205796,0.012711124416835067
2023-12-20,0.1481347964587038,0.16773310799312224,0.16449270649036835,0.1595759888159039,0.046066131527081305
2023-12-21,0.16833824017860016,0.16025592836564062,0.1714092632889353,0.16315713777368984,0.024470317840481003
2023-12-22,0.1762031936823178,0.1709612705242931,0.18779839470403065,0.17748173360483382,0.027248147593742986
2023-12-26,0.1842846042003396,0.17499460871296157,0.18990341128548144,0.18657782791425176,0.013859522740313851
2023-12-27,0.19034562080127687,0.18045871206616249,0.20230803883463072,0.19538747839376375,0.011952542224883369
2023-12-28,0.21357962787174728,0.20626931192202735,0.21050257586347837,0.19746455134655921,0.053856996731781556
2023-12-29,0.19680349361180688,0.2084981219561649,0.21125435930579656,0.22303395271939125,0.06946055684454756
2024-01-02,0.15188684649022133,0.17154358163404138,0.16346273965785857,0.18822518047819176,0.05848879200658634
2024-01-03,0.14459920344149035,0.13545186664691616,0.1399090380464253,0.14217160269530416,0.04357598607888631
2024-01-04,0.14806262577056728,0.14336040408968231,0.1551704656193435,0.1559232015786432,0.02719903076117057
2024-01-05,0.13839384546428007,0.14904018635052552,0.15050931650513105,0.15685433527982534,0.03966535064740664
2024-01-08,0.18017170072813943,0.16913507574501163,0.15802726564311237,0.1471136057431277,0.05484401117680812
2024-01-09,0.1732448010198802,0.16766125159205125,0.18351316598967732,0.18321159379489,0.028948525559464117
2024-01-10,0.165235561189995,0.1777266329634548,0.17561929645183677,0.18464403152040582,0.04039820497467755
2024-01-11,0.15802003377929513,0.1596951741762136,0.16306433515718394,0.17511816217813586,0.032176982760771404
2024-01-12,0.15967962930580243,0.15277880359037366,0.16922905115603265,0.16924508007312672,0.01369891849412469
2024-01-16,0.14871205186358505,0.14623625084674674,0.15825285229746783,0.16315713777368984,0.0375891899308934
2024-01-17,0.1586694598723129,0.1459486606858189,0.15156188215325644,0.14883254194254597,0.03851539305940174
2024-01-18,0.19020133447510917,0.18074630222709043,0.18727214055866798,0.17748173360483382,0.07031191527580272
2024-01-19,0.2215888677016325,0.21070532021776656,0.2099763217181157,0.19946998601987992,0.059935009854551816
2024-01-22,0.21098203359988682,0.2177007876969993,0.22553847413944111,0.22460966700385648,0.04232233739989522
2024-01-23,0.20549821735372548,0.20080520856882644,0.21771980015305253,0.21329322318269367,0.013905521043834045
2024-01-24,0.20109674122919013,0.20138038889068222,0.21275798354783276,0.21472566090820938,0.03666844422822643
2024-01-25,0.18789236790568947,0.21561580016943294,0.20118033499245352,0.20964043594543286,0.051051879849312684
2024-01-26,0.168121783164296,0.1742037494834635,0.18268618699590727,0.18564674885706617,0.03748627847217025
2024-01-29,0.1808211268211573,0.1674455178321944,0.1856933207651798,0.17748173360483382,0.0159762243345059
2024-01-30,0.1738942271128981,0.17607305810338758,0.18306205003836634,0.18821086375109614,0.013937485966619263
2024-01-31,0.16451401945894611,0.16449781467405888,0.17381500471879335,0.16788428062708577,0.021973155701918518
2024-02-01,0.16343167933732,0.16456972592734453,0.17155959703443885,0.17655065454764823,0.009411720679589852
2024-02-02,0.1668951567165023,0.16025592836564062,0.17667180474256222,0.1710356545520198,0.015826534939999505
2024-02-05,0.1832743797167446,0.1770076849872423,0.18870051189185238,0.17741009532535906,0.03889741286829829
2024-02-06,0.18118192521173443,0.18541949149857861,0.1902041361338887,0.1989686273515497,0.03610165157298606
2024-02-07,0.21026049186883794,0.20166797905161016,0.19358719030302024,0.18514539018873594,0.16008890926327873
2024-02-08,0.4763691229574106,0.5530591642294228,0.35710258405411516,0.3379888561219199,0.8126637227752415
2024-02-09,0.48589361693753014,0.4900424169432567,0.41792276504883236,0.42092822445480577,0.35728675498340945
2024-02-12,0.7294898377367867,0.8220576607027955,0.5427207666252432,0.522418027447898,0.8504291095975851
2024-02-13,0.5203117135146273,0.6315335398391223,0.5300154142276867,0.5794298576545747,0.5168572087917571
2024-02-14,0.5666353862792952,0.6124092055290264,0.5602375445251158,0.6201833502802581,0.3138074433051418
2024-02-15,0.6191643619710678,0.613559566172738,0.5789572791760174,0.6000573106235796,0.2551557081555772
2024-02-16,0.5806334720219812,0.6206053331327205,0.5754990294554339,0.5893138637502218,0.18596880223536166
2024-02-20,0.5332274591356874,0.5330361860882221,0.5186632949692627,0.5483455109301107,0.14694820746950082
2024-02-21,0.5449166333590592,0.5452584662404777,0.5285869855371024,0.5052285015217259,0.1544747773370257
2024-02-22,0.582004439846048,0.638723129305676,0.6165469675085242,0.6134507727535414,0.21224318913254997
2024-02-23,0.6167111090754804,0.6207491556392917,0.6191782955927376,0.5864131418374545,0.14070881046827832
2024-02-26,0.7095027959810889,0.7208282278491879,0.6892080101674021,0.6573556939481553,0.18928691714692014
2024-02-27,0.6499746948428153,0.7022072174598767,0.680374396987314,0.6996490543965683,0.11860077838485143
2024-02-28,0.6204632141571034,0.6228340883146435,0.637597248037832,0.636943101173578,0.057799597086046456
2024-02-29,0.6722706481178271,0.6582788214310563,0.6687215528804829,0.6378742348747601,0.06261304667814285
2024-03-01,0.6764556672280584,0.6853116383317038,0.6957109627542839,0.6751181621781357,0.05915849612054987
2024-03-04,0.6504076088714235,0.7104752014646419,0.6860128588408001,0.7031227732571403,0.09375935558715666
2024-03-05,0.6219785233574431,0.6234092686364993,0.6277487530214445,0.6322876512436535,0.05338220068358157
2024-03-06,0.6430478501846615,0.6447408560604114,0.6522798247295511,0.6508379766158665,0.05297133448095202
2024-03-07,0.6708997903939713,0.6965273803468189,0.6939818665726922,0.6645179918637272,0.09384667440061872
2024-03-08,0.6032902236875703,0.6703572790767406,0.636770269044062,0.6622976969959788,0.09249245315969365
2024-03-11,0.5690886391748824,0.5829463258190278,0.5835432327387782,0.5685431888662638,0.061636947084799054
2024-03-12,0.5890035102424436,0.5775397624388984,0.562944010803381,0.5570835231301479,0.12436459970561088
2024-03-13,0.6017750245874414,0.5970234884587786,0.5961733895848826,0.5857327147924358,0.05323874834717961
2024-03-14,0.5995382287061581,0.6228340883146435,0.6096304680673574,0.5938261464091898,0.06082690916348578
2024-03-15,0.5707482347013899,0.6078078726586091,0.5985791310147408,0.5836556964836368,0.051546166704089014
2024-03-18,0.5908073920951187,0.5977424912872057,0.6106830337154827,0.5797879944079518,0.030775203951800015
2024-03-19,0.5535752442318569,0.5567617984165207,0.5639965190941063,0.5606646720879338,0.04573712671207246
2024-03-20,0.6022079386160497,0.5918469752665056,0.5918881608705293,0.5680418301979335,0.03580539131302547
2024-03-21,0.6185872166663973,0.6279387451058454,0.6428899594838797,0.6265577910535973,0.04131973030960757
2024-03-22,0.6225556686621136,0.6214681584677187,0.6465436258663979,0.6201833502802581,0.03688206346830327
2024-03-25,0.6525722891146757,0.6764684740050829,0.6815020434720911,0.6441412455508857,0.08310879924157374
2024-03-26,0.5778915914239533,0.6854554608382751,0.604518317716634,0.6723965632860538,0.14793989970810567
2024-03-27,0.5610072837069662,0.5837946701693828,0.573845071467894,0.5928950127080077,0.07054892348377118
2024-03-28,0.5564614662061578,0.5655331611942852,0.5838439575871852,0.5619538878984967,0.03989300326821845
2024-04-01,0.5703153206727816,0.5684808095002061,0.5874600548726776,0.5668242526668454,0.02138531297557568
2024-04-02,0.5513384483505737,0.5461930931243324,0.560989385324834,0.5585159608556638,0.02162621934485942
2024-04-03,0.5587704327755776,0.5487094933193979,0.5722663090318061,0.5427589272990039,0.012529470099543447
2024-04-04,0.5349592253503315,0.5630886722525054,0.5662519267784609,0.5678269700035059,0.025013721527829755
2024-04-05,0.5552348397583642,0.5468401846994738,0.5527195953871344,0.5398939972039758,0.01768751715190979
2024-04-08,0.5871996283897687,0.5812064135732463,0.5780551046307956,0.555794307319585,0.0364478082977821
2024-04-09,0.5695937238916275,0.616507324183088,0.5864000327625469,0.6180346390479878,0.08364128807723974
2024-04-10,0.5578324340302245,0.5603565931497976,0.5818516482968121,0.5570118848506731,0.02109373050919343
2024-04-11,0.600764855153952,0.5862391042589481,0.5939931774519802,0.5642458210457197,0.0301733278447222
2024-04-12,0.5661303015625503,0.5800489221416422,0.5929406691612549,0.5856611311569575,0.02090973729511264
2024-04-15,0.5371960212316145,0.5551082235564536,0.5597112903797532,0.5656782587712357,0.021318264600953027
2024-04-16,0.5364744795005656,0.5361995681539998,0.5594106228887459,0.535596629383432,0.014053651173814338
2024-04-17,0.43069482123565533,0.5249981974190989,0.4549111183993249,0.5346655503262465,0.13542446298929722
2024-04-18,0.4116458332754161,0.414379162477443,0.4216066014237712,0.42329179588150373,0.07556429783199861
2024-04-19,0.2837145631117666,0.38356461449630497,0.29402699537504345,0.3780260752408488,0.21182686550407903
2024-04-22,0.3264304721710845,0.32105113627870885,0.31996389695811916,0.30597337569627375,0.10081112940648156
2024-04-23,0.3475719696864393,0.35020492375967294,0.3649964535919555,0.35883111464135603,0.06972641144624904
2024-04-24,0.375279568519476,0.38888489534293447,0.38146072320110264,0.3923506710719927,0.07351074645111394
2024-04-25,0.36120931208865353,0.35955135715486397,0.36837950776108713,0.3497350203319381,0.030186581593194123
2024-04-26,0.3902157080576207,0.3784600125573173,0.3888283385935805,0.3880533032514489,0.026373400194596212
2024-04-29,0.39952374502343596,0.38636855000008363,0.395068250143881,0.3937831087975086,0.013567940273931593
2024-04-30,0.3848762331877322,0.3992666642879089,0.4086005241778075,0.39965619090251764,0.011809869520744455
2024-05-01,0.3421603241284144,0.3662376775528474,0.3664248249251399,0.37788285332589583,0.02979442656487788
2024-05-02,0.36171439680539835,0.36408083362420995,0.3731157950693513,0.37079213904580194,0.014411502382556195
2024-05-03,0.3884118262049457,0.3932705493057095,0.4055858192317297,0.3896290175359142,0.027375227652620814
2024-05-06,0.4265098571755294,0.41886547025393206,0.4292373152102304,0.4053860510925738,0.04069914302821646
2024-05-07,0.4324265874502989,0.4315910743269721,0.45137767312728955,0.4446354677132666,0.04614175585659756
2024-05-08,0.41994370080774196,0.4333884716936105,0.43716875384509674,0.4338920208399087,0.10090312601352196
2024-05-09,0.40204916860715995,0.4115321131330216,0.38537008887299723,0.37279757371912275,0.21184401741386627
2024-05-10,0.43993068751333414,0.4364943686385315,0.4488215405945279,0.42243230045979646,0.1014465297008707
2024-05-13,0.5004690131352028,0.4883169308299037,0.483855211109073,0.47829824605885635,0.11019010553102314
2024-05-14,0.49628399402497164,0.48709471378512115,0.510092837540556,0.49133362607943737,0.04504091510116509
2024-05-15,0.47478169811903986,0.4949313399746017,0.4963049215746535,0.5098123678161723,0.05672136566624256
2024-05-16,0.4791110035554385,0.4832482570914519,0.5066345878199725,0.49040254702225167,0.032568358156824594
2024-05-17,0.45082614931752046,0.47465669987300885,0.4744577746865963,0.48975791179497213,0.040964997629917926
2024-05-20,0.4516198617367058,0.44338199666394307,0.4675412752454294,0.4568113523121404,0.02332581767831749
2024-05-21,0.4827187672607885,0.4753684622091142,0.47363079569282635,0.4496490543965684,0.06392906593817829
2024-05-22,0.46583445954380137,0.4867423980110148,0.4897943978109663,0.4855321822539031,0.0478538283062645
2024-05-23,0.46655600127485036,0.48651953346326526,0.48024657028558587,0.4997851398055722,0.04819452760521917
2024-05-24,0.48178076851543544,0.47379392939022524,0.48941847741110717,0.46948859557934425,0.019234307561809244
2024-05-28,0.556100722865686,0.5487094933193979,0.517385257381582,0.4887194026405726,0.10863240026944092
2024-05-29,0.5251461036677711,0.5323171832597954,0.5454272329035084,0.5477725139823058,0.045981931242671456
2024-05-30,0.5257233590726522,0.5308792873073703,0.5358042098266762,0.5341641916579161,0.035040572062969344
2024-05-31,0.5242080498723127,0.5336113115578633,0.5225726606411571,0.5206990366044832,0.053338541276850546
2024-06-03,0.5718305748230161,0.576533224301758,0.5716648593349913,0.5570835231301479,0.0715624454257416
2024-06-04,0.5627389948715047,0.5608598622183679,0.5742961300618048,0.5705128317218453,0.03594806401716439
2024-06-05,0.6407388285651363,0.626860350567634,0.6030898890260497,0.5701905414302038,0.08064048349674426
2024-06-06,0.64402190674903,0.6380760925827491,0.6458670379755316,0.6272023716368804,0.05149938876830577
2024-06-07,0.6400173418841928,0.656481424064418,0.6676690445897575,0.6425296848046846,0.03384539580370731
2024-06-10,0.6641171770118797,0.6645337291615409,0.6465436258663979,0.6271666344631379,0.05148535538757079
2024-06-11,0.6930514022927101,0.7034294345046593,0.6954102952632768,0.6579286908959603,0.0714603135992815
2024-06-12,0.7772565939635521,0.7840247806946753,0.7420215569758013,0.7074917793571591,0.11706490282663475
2024-06-13,0.7950068398379666,0.8040118306353402,0.7831447479377434,0.7886764743168841,0.10215521542798693
2024-06-14,0.793852329028204,0.8485872633870876,0.8044205577640067,0.807047676668412,0.15585706533942073
2024-06-17,0.8111695507737993,0.81271117245539,0.8053226749518283,0.8089815277062546,0.08231357433325849
2024-06-18,0.9110325338140455,0.9177510789499169,0.8481750768101621,0.8079788103695942,0.15647375445949657
2024-06-20,0.814633083203087,0.8928751608301214,0.8232154306089601,0.9018049567787843,0.15509536461841678
2024-06-21,0.8112417765120412,0.8091163777221132,0.7884298882069858,0.7831399445866158,0.1517070828031834
2024-06-24,0.7446424893393406,0.7772665490434062,0.7826185511497807,0.7853459227272686,0.05451188783274706
2024-06-25,0.8134785723933244,0.8073189803554747,0.7743487612120812,0.7473858312051316,0.05882325424743658
2024-06-26,0.8431343944553094,0.8421885331500317,0.8496033907859466,0.8194385307497067,0.07273501234937506
2024-06-27,0.8591167612459589,0.8567115345897104,0.8592263565053788,0.8260707818987607,0.05232423970261707
2024-06-28,0.8351972702634551,0.8715220713381026,0.8708040624181581,0.8596906100630632,0.03763284933762443
2024-07-01,0.8006349424102956,0.8209792661645842,0.7972785290258844,0.8323305795673417,0.047702579647232
2024-07-02,0.8340428695539033,0.8193255816000878,0.8177273598583776,0.7852027554563121,0.02716706583838535
2024-07-03,0.8685330817690318,0.8699403528791062,0.8480998239013104,0.8250966980162915,0.03415101165082454
2024-07-05,0.9619741397175527,0.9561434603722508,0.9254595847714266,0.89371152516203,0.09326272983559115
2024-07-08,0.9873006012930332,0.982960708069685,1.0,0.9584586502320838,0.05650696679390266
2024-07-09,0.969839038171165,0.9999999999999999,0.9969552397763015,0.9946999694867917,0.05432477608961406
2024-07-10,1.0,0.9907973342591655,0.9923692862135409,0.9752900940488751,0.036779152009580124
2024-07-11,0.9042499204319538,0.9894312947078118,0.9512460952515989,1.0,0.06543687473492503
2024-07-12,0.9619019139793108,0.9590193619815296,0.9547795405236341,0.9085375343055007,0.052475488361649586
2024-07-15,0.9355652829703407,0.9639801962661606,0.9800398542158435,0.9661223614599825,0.024952910211311533
2024-07-16,0.9445125765956843,0.9439211802199953,0.9475622588766599,0.9510099084866059,0.027276214355212935
2024-07-17,0.8213434708469367,0.8821626330313618,0.864789680164813,0.8792436527719367,0.07860018586433151
2024-07-18,0.7970271787049457,0.8411819950128915,0.7947975920445745,0.8496634366964597,0.068041626125789
2024-07-19,0.8336098454250842,0.8296067515835629,0.8580235718265499,0.8281765429497439,0.037717829254297335
2024-07-22,0.8346922405968158,0.8564957459776391,0.8734352757875716,0.8469417285163847,0.03048518074994387
2024-07-23,0.8934987449539351,0.8884175407618463,0.8673457553401747,0.8309698347652972,0.04496840930070105
2024-07-24,0.7923370198278643,0.8447048236406681,0.832086555528674,0.858974336556309,0.054981226455105656
2024-07-25,0.7307164641845802,0.7618808319731584,0.7029282444012581,0.7481735790593711,0.10702090038170796
2024-07-26,0.7297062947510908,0.7610180066381601,0.7451039436539255,0.7745308922184324,0.045899290222787714
2024-07-29,0.6751569251422336,0.72104390675683,0.6932301404877741,0.7102134875372341,0.0571797894369184
2024-07-30,0.6139692835275579,0.6643900163593986,0.6209826446831812,0.6697464387414567,0.07383117531122921
2024-07-31,0.6948552841453852,0.6889064330649807,0.6949592366693658,0.6889414539849461,0.11105159918169798
2024-08-01,0.5313514616449815,0.6126248844366687,0.5388865965048006,0.5836556964836368,0.2255967305341417
2024-08-02,0.47319427328066904,0.47429719845879525,0.46784200009383675,0.4835983312160604,0.09668297657360977
2024-08-05,0.45154769104856946,0.4589833926418332,0.3771003562926976,0.36728262836749087,0.10356401092732581
2024-08-06,0.4727613592520606,0.49112086633368257,0.47363079569282635,0.4892565531266419,0.07138390963750219
2024-08-07,0.4273035145446094,0.5063627608973592,0.4513024775758377,0.5055149999956283,0.08544457750168401
2024-08-08,0.5091276240080005,0.49622546827267,0.46190281339194333,0.46254121250219654,0.05974166105331438
2024-08-09,0.4988094176086955,0.5078007117019986,0.5207683115507136,0.513966513721763,0.03237345009106105
2024-08-12,0.49974741635404846,0.5200949031075397,0.517385257381582,0.5045122826589681,0.03178014993887683
2024-08-13,0.5478028553333603,0.5466963621929027,0.5397887710500222,0.519123322320018,0.051654535588653544
2024-08-14,0.563171908900113,0.5826443095256713,0.581062295757468,0.5844435536258694,0.06886335853104808
2024-08-15,0.5957861236245352,0.5923502991872903,0.6159455178117097,0.591176021864593,0.04476960307362224
2024-08-16,0.5947759541910458,0.5998993900680576,0.6262451861368081,0.6014897483490955,0.029873169423446352
2024-08-19,0.6092791246504765,0.5951542346910691,0.5998571686024217,0.5973356024435046,0.031210238754584244
2024-08-20,0.5922504755572164,0.6178733637344419,0.6128632458483854,0.6087594763618813,0.027901479430182376
2024-08-21,0.6012698848205913,0.5881084677310866,0.6111340923093935,0.6029938789980824,0.03092333408178031
2024-08-22,0.5905909350808145,0.6037098637089767,0.6168477497143314,0.610299344184611,0.019236646458598412
2024-08-23,0.6332347285021012,0.6354878359866126,0.6257941275428973,0.5928950127080077,0.03912116732779483
2024-08-26,0.5846741497559396,0.6157164649535899,0.6079013718857655,0.6251611997898172,0.029418643814085772
2024-08-27,0.6012698848205913,0.5892587186703692,0.5938427863490763,0.5747385612629143,0.015378246388743355
2024-08-28,0.5588426034637142,0.5869581070873751,0.5667029853723715,0.5928950127080077,0.039910934810268694
2024-08-29,0.6065371890023432,0.6131282083574534,0.5929406691612549,0.5606646720879338,0.05805375720380211
2024-08-30,0.6133920281226766,0.6286577479342724,0.6415817519037781,0.6166738942459433,0.019445587905096928
2024-09-03,0.5474420569427829,0.5804155543437483,0.5679058847660008,0.5919281418330831,0.032070952772996035
2024-09-04,0.5273107288609178,0.5301603393311578,0.533172939099863,0.533447918151162,0.029413186388244396
2024-09-05,0.5427519531158072,0.5378316409459604,0.5422696506739322,0.5126772979112002,0.01864334630641419
2024-09-06,0.5009019271638111,0.5212811919517868,0.5143029280608575,0.5356252628376232,0.035092027792330914
2024-09-09,0.5604300283020849,0.5505787470871073,0.5531707113384452,0.5401447038601392,0.03939169972307462
2024-09-10,0.5725521165540648,0.5665899439599607,0.5752885277972888,0.5788927071685053,0.020483278447222017
2024-09-11,0.6670755696743171,0.6540369899748527,0.6140585740652091,0.5871651525179515,0.06851330364493677
2024-09-12,0.658849762729917,0.6594291820747681,0.6706010401649782,0.6381607879926592,0.036811896564628396
2024-09-13,0.7179449498395825,0.720900084250259,0.7132277980115564,0.6788425876948712,0.06716064166853779
2024-09-16,0.653221660157588,0.676540330406154,0.6769913428181824,0.6860048856104433,0.05820578549509768
2024-09-17,0.6419654550129299,0.6674814871718907,0.6749614644307833,0.6673828673147588,0.022211723174413098
2024-09-18,0.6529330875052528,0.6717952847335947,0.6781189893029596,0.6430310981170115,0.03147687298854877
2024-09-19,0.6690236828030545,0.7028542541828037,0.7039807526919835,0.7002578978061089,0.04225684828979867
2024-09-20,0.656829423862938,0.6556187084338488,0.6834567836654384,0.6645179918637272,0.03970745078961156
2024-09-23,0.6771772640092126,0.6753900794668716,0.7014246775166217,0.6642315480338215,0.017917508669510765
2024-09-24,0.6885778105301437,0.683284190777209,0.7008232278198072,0.6808480223681919,0.020572936157473243
2024-09-25,0.711162336457491,0.7195341544033341,0.7266849912088313,0.6881535968427135,0.032254945987076816
2024-09-26,0.7308608055608532,0.7385865226079299,0.7330000409531836,0.7504655668505908,0.0370839882244343
2024-09-27,0.7050292042185224,0.7267956002709589,0.735255448637538,0.7361409710194469,0.016420614724446773
2024-09-30,0.6864852459249227,0.6854554608382751,0.7075893361580705,0.6713938459493933,0.01371685003617494
2024-10-01,0.636481693816874,0.6810698068755002,0.6717288013645555,0.6848588917148333,0.02930793603273208
2024-10-02,0.6433364228369967,0.6444748228198048,0.6487990335507523,0.6402378063014582,0.012594959209639999
2024-10-03,0.6520672594480363,0.6598605398900524,0.6728564478493326,0.637516098121383,0.005975881296310156
2024-10-04,0.6687351101507191,0.6638866924386139,0.6848852123560227,0.673112727504815,0.011599368809719832
2024-10-07,0.6744353283610793,0.6846646016087771,0.6962372742570466,0.6607935663469919,0.01945026569867525
2024-10-08,0.6907424907733959,0.6800632687383598,0.709559103990228,0.6756911591259407,0.011083252251577976
2024-10-09,0.7255933912788906,0.7116255621083535,0.7190917891619981,0.6986821835216437,0.025004365940673103
2024-10-10,0.732087432008647,0.7357825871041511,0.7406683811940686,0.7092107702005739,0.01616021754858668
2024-10-11,0.7474565406255052,0.7379394858850029,0.7653272451894635,0.7296949466106295,0.008810624204775092
2024-10-14,0.8222094090043639,0.8232080213465073,0.8014134239947341,0.7583441382729172,0.05304929770725744
2024-10-15,0.7417562123149342,0.7977568132004268,0.7555538883671278,0.8077639501751666,0.05703321857146422
2024-10-16,0.7549606406885403,0.7587892514562372,0.7878360096869765,0.7647901626817348,0.021698725145323457
2024-10-17,0.7701132922910943,0.7846718174176021,0.8088561202238636,0.7913623360352238,0.028777006461592196
2024-10-18,0.7587848614081942,0.7626716912026564,0.7928429665660273,0.7759991764056837,0.008852724346980017
2024-10-21,0.7538783556170194,0.7509742370392923,0.7735969204123629,0.7518622674023641,0.02929078412294489
2024-10-22,0.7555378960934216,0.7425408187554202,0.7768296981933909,0.7394356761473271,0.004889073921612655
2024-10-23,0.6821559955386294,0.7101876661559284,0.708190785854885,0.7203839374627872,0.05800386073896664
2024-10-24,0.6722706481178271,0.6753181133613714,0.6908994798945678,0.6881535968427135,0.02620655889030262
2024-10-25,0.6918247758449165,0.6894816133868366,0.7142051681082302,0.6788425876948712,0.0168096512237108
2024-10-28,0.7370661635380635,0.7399525621592836,0.7345036078378198,0.700329481441587,0.026910566823840534
2024-10-29,0.7886571404844833,0.7766913687215503,0.7651768540865598,0.7361409710194469,0.023768648803732258
2024-10-30,0.7686700987287856,0.7607879564503036,0.7817163192471588,0.7540467158083768,0.01181844547563805
2024-10-31,0.6741467557087439,0.694298625164896,0.7048077316857535,0.7021916395559582,0.04025241374148642
2024-11-01,0.6754454977945687,0.6982529213123864,0.7075893361580705,0.6943847610571032,0.019079160741461466
2024-11-04,0.6469441865423466,0.6674814871718907,0.6825545517628167,0.6645179918637272,0.007755002120599756
2024-11-05,0.6694565968316626,0.6588540017529122,0.6903732831066052,0.6573556939481553,0.010650556345582915
2024-11-06,0.6985351634887662,0.6930764081201134,0.7105213317332912,0.6912333324881725,0.06631162213407181
2024-11-07,0.7416118709386612,0.7548349553087467,0.6992444080263192,0.6645179918637272,0.10989852306464089
2024-11-08,0.7187386622587679,0.715076534335059,0.7361575658253598,0.7268299618716048,0.03275157173864232
2024-11-11,0.6789450329927667,0.6922855488906153,0.6931548875789224,0.7071336426037818,0.04036312152284011
2024-11-12,0.6641892926499109,0.6719389975357367,0.6826298046716683,0.6754047152960347,0.01588968515330689
2024-11-13,0.6293382820442053,0.6533539701991758,0.665864810214114,0.6614382562182681,0.020866077888381608
2024-11-14,0.6384299170458219,0.6408225429656711,0.6638349318267149,0.6448216725959044,0.014038058528553256
2024-11-15,0.5834475233081458,0.6013372860204825,0.603766476916916,0.6155994839858117,0.04265679964074546
2024-11-18,0.5829424936415064,0.5784024780694675,0.6003533674701635,0.5749892679190778,0.026802977571539058
2024-11-19,0.6146907702085014,0.6042130779253323,0.6118858757517118,0.5821515658346497,0.01389850435346656
2024-11-20,0.619308703347341,0.6047164018461171,0.6283201474406384,0.6002005871825291,0.012821832198188759
2024-11-21,0.6152680256133827,0.6365662305248241,0.6362440722560994,0.6376593746803325,0.014491024873387721
2024-11-22,0.6358323227739615,0.6226903755125014,0.6386497563285574,0.6072196085391517,0.008275016840056881
2024-11-25,0.662457526435267,0.6656122334041813,0.6885689340161616,0.6549921225214574,0.019309931891325502
2024-11-26,0.6410996269557134,0.6509454094579316,0.6698493140800601,0.6610084265414196,0.0026203440361250406
2024-11-27,0.6169275660897846,0.6160759663678034,0.624741619252172,0.627632201313729,0.025175885038545023
2024-11-29,0.6235658380956033,0.6299518213801261,0.6472202137572642,0.6146683502846295,0.0017339021530324572
2024-12-02,0.6672198009503794,0.6595728948769101,0.6593241164580061,0.6229766420958114,0.025221883342065217
2024-12-03,0.6675084837029255,0.6660435912194659,0.6987182112383565,0.6609368429059415,0.01314226105830402
2024-12-04,0.6741467557087439,0.6821482014137116,0.7108972521331502,0.6824237366526571,0.00538647930544121
2024-12-05,0.6499746948428153,0.6671939518631774,0.6845844301502155,0.6706775724426388,0.019498602898984606
2024-12-06,0.6711883630463065,0.666906306850035,0.6775927925149969,0.6512319598309795,0.008777100017463763
2024-12-09,0.6621689537829316,0.6725141778575926,0.6748110733278798,0.6655922928358657,0.0095333433126263
2024-12-10,0.6452124203277028,0.6546840266977795,0.6715784102616518,0.6548488459625079,0.004344890602000849
2024-12-11,0.6875676410966542,0.6804946265536443,0.6786076743512963,0.6430310981170115,0.017184654342239855
2024-12-12,0.7224907673403909,0.7214034081710438,0.708190785854885,0.6788425876948712,0.038834262654990896
2024-12-13,0.7507035059402778,0.7674167368752157,0.785249764519194,0.746956001528283,0.04577610832522516
2024-12-16,0.7008441851082914,0.7429721765707048,0.7182648101682281,0.7576278647661627,0.032548867350248235
2024-12-17,0.6849700468247939,0.6782658713717215,0.6865391703435628,0.6903738917104618,0.03200312476611032
2024-12-18,0.6399451161459508,0.6972463831752461,0.6604142512031574,0.6895860345682292,0.015488174537833993
2024-12-19,0.6077639255503475,0.6510173755634315,0.6424087308975481,0.6431026817524896,0.030285594890602
2024-12-20,0.6081246138407139,0.6192392935813666,0.6149907465306517,0.5904598576458315,0.02598124516627997
2024-12-23,0.570026692970341,0.5794090162066079,0.5770777918915222,0.5921071555657751,0.04882447047376694
2024-12-24,0.6055270195688536,0.5999712464691286,0.6066984724921367,0.5747027694451754,0.009318944440286407
2024-12-26,0.5903744780665103,0.6013372860204825,0.6249671485491273,0.5993410371168253,0.001957656612529002
2024-12-27,0.5868388299991916,0.5794808726076789,0.6029394979231459,0.5856968683307,0.004153101065289523
2024-12-30,0.5630997932620818,0.5611474523792956,0.5888057741924049,0.5689371174373801,0.0035114637127959467
